Local time,Open,High,Low,Close,Volume
02.01.2020 00:00:00.000 GMT+0200,1.32463,1.32661,1.31152,1.31349,243378.28999999998
03.01.2020 00:00:00.000 GMT+0200,1.31349,1.31600,1.30531,1.30787,178718.62859999997
06.01.2020 00:00:00.000 GMT+0200,1.30808,1.31745,1.30633,1.31685,146956.8597
07.01.2020 00:00:00.000 GMT+0200,1.31685,1.32120,1.30948,1.31189,174270.18949999998
08.01.2020 00:00:00.000 GMT+0200,1.31143,1.31694,1.30799,1.30918,202531.2189
09.01.2020 00:00:00.000 GMT+0200,1.30919,1.31233,1.30126,1.30660,188620.701
10.01.2020 00:00:00.000 GMT+0200,1.30660,1.30968,1.30422,1.30569,147920.36020000002
13.01.2020 00:00:00.000 GMT+0200,1.30347,1.30450,1.29608,1.29868,145775.46909999996
14.01.2020 00:00:00.000 GMT+0200,1.29868,1.30329,1.29542,1.30130,151534.2371
15.01.2020 00:00:00.000 GMT+0200,1.30130,1.30420,1.29850,1.30374,136865.78999999998
16.01.2020 00:00:00.000 GMT+0200,1.30374,1.30828,1.30252,1.30784,139573.85099999997
17.01.2020 00:00:00.000 GMT+0200,1.30784,1.31184,1.30050,1.30058,150598.6905
20.01.2020 00:00:00.000 GMT+0200,1.29915,1.30132,1.29617,1.30077,96349.0099
21.01.2020 00:00:00.000 GMT+0200,1.30076,1.30831,1.29952,1.30473,135620.58940000003
22.01.2020 00:00:00.000 GMT+0200,1.30474,1.31525,1.30343,1.31379,164191.1398
23.01.2020 00:00:00.000 GMT+0200,1.31379,1.31508,1.30966,1.31193,137676.53179999997
24.01.2020 00:00:00.000 GMT+0200,1.31193,1.31739,1.30565,1.30701,150653.83980000002
27.01.2020 00:00:00.000 GMT+0200,1.30799,1.31050,1.30395,1.30555,119704.70000000001
28.01.2020 00:00:00.000 GMT+0200,1.30571,1.30649,1.29752,1.30272,118773.7092
29.01.2020 00:00:00.000 GMT+0200,1.30272,1.30282,1.29892,1.30153,96014.50059999998
30.01.2020 00:00:00.000 GMT+0200,1.30191,1.31099,1.29773,1.30909,146921.1983
31.01.2020 00:00:00.000 GMT+0200,1.30908,1.32090,1.30775,1.32014,151791.6696
03.02.2020 00:00:00.000 GMT+0200,1.31766,1.31837,1.29827,1.29928,160655.18
04.02.2020 00:00:00.000 GMT+0200,1.29928,1.30464,1.29410,1.30293,167061.6901
05.02.2020 00:00:00.000 GMT+0200,1.30293,1.30697,1.29560,1.30005,165924.78110000002
06.02.2020 00:00:00.000 GMT+0200,1.30017,1.30017,1.29211,1.29238,130300.13010000001
07.02.2020 00:00:00.000 GMT+0200,1.29238,1.29589,1.28813,1.28818,155273.13909999997
10.02.2020 00:00:00.000 GMT+0200,1.28843,1.29459,1.28716,1.29141,131783.2803
11.02.2020 00:00:00.000 GMT+0200,1.29129,1.29679,1.28941,1.29468,132824.07059999998
12.02.2020 00:00:00.000 GMT+0200,1.29448,1.29914,1.29349,1.29576,773981.6998000001
13.02.2020 00:00:00.000 GMT+0200,1.29569,1.30693,1.29439,1.30413,920076.2598000001
14.02.2020 00:00:00.000 GMT+0200,1.30372,1.30634,1.30009,1.30455,644835.4835
17.02.2020 00:00:00.000 GMT+0200,1.30324,1.30537,1.29977,1.30040,100350.7804
18.02.2020 00:00:00.000 GMT+0200,1.30040,1.30486,1.29705,1.29953,153896.76840000003
19.02.2020 00:00:00.000 GMT+0200,1.29953,1.30229,1.29072,1.29144,149352.44929999998
20.02.2020 00:00:00.000 GMT+0200,1.29143,1.29281,1.28488,1.28759,122620.5695
21.02.2020 00:00:00.000 GMT+0200,1.28757,1.29806,1.28730,1.29529,159369.64029999994
24.02.2020 00:00:00.000 GMT+0200,1.29449,1.29543,1.28864,1.29253,166287.06889999998
25.02.2020 00:00:00.000 GMT+0200,1.29253,1.30179,1.29140,1.30038,188191.6375
26.02.2020 00:00:00.000 GMT+0200,1.30037,1.30077,1.28953,1.28953,189660.8209
27.02.2020 00:00:00.000 GMT+0200,1.28927,1.29462,1.28599,1.28839,214455.81979999997
28.02.2020 00:00:00.000 GMT+0200,1.28839,1.29195,1.27255,1.28125,255919.9009
02.03.2020 00:00:00.000 GMT+0200,1.27879,1.28503,1.27394,1.27518,265113.1106000001
03.03.2020 00:00:00.000 GMT+0200,1.27517,1.28438,1.27387,1.28125,269217.0193
04.03.2020 00:00:00.000 GMT+0200,1.28124,1.28721,1.27698,1.28698,192243.51009999998
05.03.2020 00:00:00.000 GMT+0200,1.28698,1.29683,1.28603,1.29485,167679.35139999996
06.03.2020 00:00:00.000 GMT+0200,1.29474,1.30517,1.29453,1.30459,266828.3487
08.03.2020 23:00:00.000 GMT+0200,1.30726,1.32003,1.30342,1.31226,357413.64910000004
09.03.2020 23:00:00.000 GMT+0200,1.31248,1.31270,1.28809,1.29017,324896.8421
10.03.2020 23:00:00.000 GMT+0200,1.29012,1.29765,1.28035,1.28117,235352.8005
11.03.2020 23:00:00.000 GMT+0200,1.28179,1.28487,1.24899,1.25653,318001.47010000004
12.03.2020 23:00:00.000 GMT+0200,1.25653,1.26240,1.22597,1.22673,365865.10150000005
15.03.2020 23:00:00.000 GMT+0200,1.22617,1.24214,1.22015,1.22674,407028.1211000001
16.03.2020 23:00:00.000 GMT+0200,1.22674,1.22734,1.20009,1.20499,437725.40160000004
17.03.2020 23:00:00.000 GMT+0200,1.20495,1.21294,1.14497,1.16141,390703.9921
18.03.2020 23:00:00.000 GMT+0200,1.15803,1.17930,1.14720,1.14837,430707.76090000005
19.03.2020 23:00:00.000 GMT+0200,1.14837,1.19334,1.14095,1.16301,412067.97680000006
22.03.2020 23:00:00.000 GMT+0200,1.16693,1.17133,1.14462,1.15372,427443.6423
23.03.2020 23:00:00.000 GMT+0200,1.15180,1.17989,1.14952,1.17488,423415.14069999993
24.03.2020 23:00:00.000 GMT+0200,1.17454,1.19730,1.16383,1.18842,366661.0290000001
25.03.2020 23:00:00.000 GMT+0200,1.18575,1.22292,1.17752,1.21997,406800.9213
26.03.2020 23:00:00.000 GMT+0200,1.21949,1.24851,1.21306,1.24448,418011.93929999997
29.03.2020 23:00:00.000 GMT+0200,1.24283,1.24656,1.23166,1.24171,267213.25029999996
30.03.2020 23:00:00.000 GMT+0200,1.24042,1.24725,1.22419,1.24163,642017.6996999999
31.03.2020 23:00:00.000 GMT+0200,1.24224,1.24464,1.23297,1.23730,568543.0737000001
01.04.2020 23:00:00.000 GMT+0200,1.23730,1.24751,1.23482,1.23925,547172.2905
02.04.2020 23:00:00.000 GMT+0200,1.23953,1.24060,1.22051,1.22640,467798.75260000007
05.04.2020 23:00:00.000 GMT+0200,1.22296,1.23269,1.22095,1.22291,425936.73669999995
06.04.2020 23:00:00.000 GMT+0200,1.22284,1.23839,1.21645,1.23297,453181.04030000005
07.04.2020 23:00:00.000 GMT+0200,1.23295,1.24192,1.22876,1.23808,286954.6694000001
08.04.2020 23:00:00.000 GMT+0200,1.23787,1.24829,1.23602,1.24525,353564.5518
09.04.2020 23:00:00.000 GMT+0200,1.24546,1.24862,1.24405,1.24449,323691.3386
12.04.2020 23:00:00.000 GMT+0200,1.24506,1.25364,1.24455,1.25002,237089.75969999994
13.04.2020 23:00:00.000 GMT+0200,1.25018,1.26470,1.24945,1.26233,240327.1312
14.04.2020 23:00:00.000 GMT+0200,1.26222,1.26304,1.24365,1.25108,229334.25099999993
15.04.2020 23:00:00.000 GMT+0200,1.25193,1.25272,1.24075,1.24550,267962.4704
16.04.2020 23:00:00.000 GMT+0200,1.24550,1.25219,1.24065,1.24939,290021.91860000003
19.04.2020 23:00:00.000 GMT+0200,1.24935,1.24996,1.24162,1.24318,201916.49839999998
20.04.2020 23:00:00.000 GMT+0200,1.24311,1.24469,1.22469,1.22879,244557.23819999996
21.04.2020 23:00:00.000 GMT+0200,1.22892,1.23856,1.22742,1.23321,189266.56119999997
22.04.2020 23:00:00.000 GMT+0200,1.23319,1.24146,1.23076,1.23432,223137.5192
23.04.2020 23:00:00.000 GMT+0200,1.23424,1.23769,1.22978,1.23654,204284.35160000002
26.04.2020 23:00:00.000 GMT+0200,1.23627,1.24543,1.23593,1.24284,148485.281
27.04.2020 23:00:00.000 GMT+0200,1.24288,1.25180,1.24034,1.24227,163693.70940000002
28.04.2020 23:00:00.000 GMT+0200,1.24227,1.24851,1.23886,1.24697,158048.1989
29.04.2020 23:00:00.000 GMT+0200,1.24655,1.26429,1.24284,1.25915,221925.8399
30.04.2020 23:00:00.000 GMT+0200,1.25915,1.26000,1.24828,1.24869,173511.99920000005
03.05.2020 23:00:00.000 GMT+0200,1.24851,1.24868,1.24050,1.24422,163625.93050000002
04.05.2020 23:00:00.000 GMT+0200,1.24425,1.24835,1.24200,1.24329,165198.431
05.05.2020 23:00:00.000 GMT+0200,1.24337,1.24498,1.23348,1.23414,228438.6541
06.05.2020 23:00:00.000 GMT+0200,1.23373,1.24181,1.22657,1.23543,195880.029
07.05.2020 23:00:00.000 GMT+0200,1.23545,1.24667,1.23500,1.24033,135659.0406
10.05.2020 23:00:00.000 GMT+0200,1.23965,1.24372,1.22828,1.23329,188154.8901
11.05.2020 23:00:00.000 GMT+0200,1.23326,1.23778,1.22550,1.22579,203478.21079999997
12.05.2020 23:00:00.000 GMT+0200,1.22578,1.23396,1.22096,1.22289,225926.57049999997
13.05.2020 23:00:00.000 GMT+0200,1.22278,1.22415,1.21653,1.22247,208329.5492
14.05.2020 23:00:00.000 GMT+0200,1.22249,1.22385,1.20998,1.21003,216596.0184
17.05.2020 23:00:00.000 GMT+0200,1.20824,1.22271,1.20745,1.21936,195324.1586
18.05.2020 23:00:00.000 GMT+0200,1.21932,1.22961,1.21834,1.22510,198863.7483
19.05.2020 23:00:00.000 GMT+0200,1.22511,1.22874,1.22210,1.22370,174374.90789999996
20.05.2020 23:00:00.000 GMT+0200,1.22355,1.22494,1.21853,1.22193,169568.7283
21.05.2020 23:00:00.000 GMT+0200,1.22195,1.22334,1.21613,1.21665,161920.3099
24.05.2020 23:00:00.000 GMT+0200,1.21734,1.22032,1.21635,1.21880,165417.3502
25.05.2020 23:00:00.000 GMT+0200,1.21826,1.23628,1.21771,1.23328,189047.1488
26.05.2020 23:00:00.000 GMT+0200,1.23328,1.23538,1.22043,1.22591,276832.1199
27.05.2020 23:00:00.000 GMT+0200,1.22602,1.23443,1.22335,1.23188,223868.12990000003
28.05.2020 23:00:00.000 GMT+0200,1.23174,1.23939,1.22903,1.23454,299814.61309999996
31.05.2020 23:00:00.000 GMT+0200,1.23236,1.25065,1.23235,1.24887,206614.69720000002
01.06.2020 23:00:00.000 GMT+0200,1.24898,1.25757,1.24782,1.25495,233001.30889999997
02.06.2020 23:00:00.000 GMT+0200,1.25483,1.26149,1.25447,1.25734,321690.10970000003
03.06.2020 23:00:00.000 GMT+0200,1.25734,1.26330,1.25004,1.25958,362223.0994
04.06.2020 23:00:00.000 GMT+0200,1.25957,1.27309,1.25825,1.26656,357859.6712
07.06.2020 23:00:00.000 GMT+0200,1.26767,1.27357,1.26276,1.27218,241130.62120000002
08.06.2020 23:00:00.000 GMT+0200,1.27214,1.27554,1.26180,1.27271,293304.32869999995
09.06.2020 23:00:00.000 GMT+0200,1.27274,1.28127,1.27059,1.27463,415406.4003
10.06.2020 23:00:00.000 GMT+0200,1.27463,1.27538,1.25860,1.26013,467117.13110000006
11.06.2020 23:00:00.000 GMT+0200,1.26004,1.26530,1.24734,1.25396,472166.67579999997
14.06.2020 23:00:00.000 GMT+0200,1.25112,1.26068,1.24540,1.26046,429274.19000000006
15.06.2020 23:00:00.000 GMT+0200,1.26049,1.26871,1.25523,1.25712,474905.76019999996
16.06.2020 23:00:00.000 GMT+0200,1.25711,1.25885,1.25105,1.25547,367110.5602
17.06.2020 23:00:00.000 GMT+0200,1.25539,1.25666,1.24013,1.24230,350897.6213
18.06.2020 23:00:00.000 GMT+0200,1.24231,1.24556,1.23424,1.23476,292259.2679
21.06.2020 23:00:00.000 GMT+0200,1.23419,1.24766,1.23350,1.24673,264934.8702
22.06.2020 23:00:00.000 GMT+0200,1.24666,1.25317,1.24317,1.25187,322012.3422
23.06.2020 23:00:00.000 GMT+0200,1.25178,1.25425,1.24139,1.24169,340110.7006
24.06.2020 23:00:00.000 GMT+0200,1.24166,1.24639,1.23886,1.24173,280350.7704
25.06.2020 23:00:00.000 GMT+0200,1.24170,1.24365,1.23142,1.23343,223350.59000000003
28.06.2020 23:00:00.000 GMT+0200,1.23442,1.23892,1.22514,1.22976,205408.29950000002
29.06.2020 23:00:00.000 GMT+0200,1.22976,1.24015,1.22573,1.24000,230350.75920000003
30.06.2020 23:00:00.000 GMT+0200,1.23998,1.24902,1.23592,1.24739,243625.25789999997
01.07.2020 23:00:00.000 GMT+0200,1.24726,1.25298,1.24560,1.24670,216169.67839999998
02.07.2020 23:00:00.000 GMT+0200,1.24670,1.24879,1.24377,1.24798,202609.06029999995
05.07.2020 23:00:00.000 GMT+0200,1.24640,1.25201,1.24536,1.24917,183435.25999999995
06.07.2020 23:00:00.000 GMT+0200,1.24906,1.25921,1.24622,1.25399,213038.74969999996
07.07.2020 23:00:00.000 GMT+0200,1.25388,1.26230,1.25084,1.26085,217104.90000000005
08.07.2020 23:00:00.000 GMT+0200,1.26087,1.26691,1.25962,1.26055,231917.63019999999
09.07.2020 23:00:00.000 GMT+0200,1.26053,1.26638,1.25666,1.26202,207620.55930000002
12.07.2020 23:00:00.000 GMT+0200,1.26126,1.26660,1.25500,1.25536,193701.05230000004
13.07.2020 23:00:00.000 GMT+0200,1.25531,1.25633,1.24797,1.25521,366020.18950000004
14.07.2020 23:00:00.000 GMT+0200,1.25514,1.26493,1.25482,1.25863,232369.04049999997
15.07.2020 23:00:00.000 GMT+0200,1.25863,1.26248,1.25196,1.25523,265600.71020000003
16.07.2020 23:00:00.000 GMT+0200,1.25519,1.25742,1.25115,1.25654,147853.8112
19.07.2020 23:00:00.000 GMT+0200,1.25449,1.26652,1.25178,1.26609,175267.55999999997
20.07.2020 23:00:00.000 GMT+0200,1.26609,1.27679,1.26490,1.27302,199214.93899999998
21.07.2020 23:00:00.000 GMT+0200,1.27303,1.27435,1.26436,1.27330,248948.05150000003
22.07.2020 23:00:00.000 GMT+0200,1.27328,1.27598,1.26726,1.27399,262009.30890000003
23.07.2020 23:00:00.000 GMT+0200,1.27389,1.28033,1.27168,1.27926,229485.4295
26.07.2020 23:00:00.000 GMT+0200,1.27903,1.29028,1.27740,1.28806,239092.16959999996
27.07.2020 23:00:00.000 GMT+0200,1.28796,1.29525,1.28379,1.29304,248413.3688
28.07.2020 23:00:00.000 GMT+0200,1.29297,1.30133,1.29116,1.29960,246832.34219999998
29.07.2020 23:00:00.000 GMT+0200,1.29948,1.31025,1.29441,1.30942,281045.42089999997
30.07.2020 23:00:00.000 GMT+0200,1.30933,1.31699,1.30701,1.30836,338723.7408000001
02.08.2020 23:00:00.000 GMT+0200,1.30755,1.31124,1.30044,1.30744,299681.9778
03.08.2020 23:00:00.000 GMT+0200,1.30751,1.31078,1.29809,1.30712,218663.44939999998
04.08.2020 23:00:00.000 GMT+0200,1.30711,1.31612,1.30547,1.31129,237754.13
05.08.2020 23:00:00.000 GMT+0200,1.31124,1.31855,1.31110,1.31422,307358.8892
06.08.2020 23:00:00.000 GMT+0200,1.31404,1.31485,1.30092,1.30509,294884.78560000006
09.08.2020 23:00:00.000 GMT+0200,1.30535,1.31031,1.30187,1.30709,248988.82730000003
10.08.2020 23:00:00.000 GMT+0200,1.30705,1.31316,1.30412,1.30471,268462.2420000001
11.08.2020 23:00:00.000 GMT+0200,1.30498,1.30674,1.30050,1.30326,279292.63289999997
12.08.2020 23:00:00.000 GMT+0200,1.30315,1.31246,1.30288,1.30659,224144.3508
13.08.2020 23:00:00.000 GMT+0200,1.30660,1.31423,1.30479,1.30829,209220.17100000006
16.08.2020 23:00:00.000 GMT+0200,1.30910,1.31216,1.30738,1.31034,175613.4097
17.08.2020 23:00:00.000 GMT+0200,1.31019,1.32497,1.30908,1.32376,257644.4427
18.08.2020 23:00:00.000 GMT+0200,1.32367,1.32671,1.30933,1.30971,272332.02849999996
19.08.2020 23:00:00.000 GMT+0200,1.30968,1.32243,1.30641,1.32129,292081.38339999993
20.08.2020 23:00:00.000 GMT+0200,1.32129,1.32549,1.30588,1.30881,357282.1689
23.08.2020 23:00:00.000 GMT+0200,1.30798,1.31489,1.30532,1.30625,219566.66799999998
24.08.2020 23:00:00.000 GMT+0200,1.30614,1.31703,1.30556,1.31505,233074.46139999997
25.08.2020 23:00:00.000 GMT+0200,1.31500,1.32186,1.31168,1.32084,225044.3677
26.08.2020 23:00:00.000 GMT+0200,1.32082,1.32844,1.31606,1.31987,370932.09500000003
27.08.2020 23:00:00.000 GMT+0200,1.32011,1.33562,1.31858,1.33488,327654.9675000001
30.08.2020 23:00:00.000 GMT+0200,1.33328,1.33952,1.33008,1.33676,708410.2203999999
31.08.2020 23:00:00.000 GMT+0200,1.33675,1.34821,1.33560,1.33825,365973.57729999995
01.09.2020 23:00:00.000 GMT+0200,1.33824,1.34022,1.32829,1.33505,362970.5063
02.09.2020 23:00:00.000 GMT+0200,1.33502,1.33585,1.32421,1.32801,326069.2516000001
03.09.2020 23:00:00.000 GMT+0200,1.32802,1.33187,1.31756,1.32782,348928.819
06.09.2020 23:00:00.000 GMT+0200,1.32468,1.32657,1.31401,1.31576,203530.4099
07.09.2020 23:00:00.000 GMT+0200,1.31575,1.31696,1.29796,1.29801,337416.0714
08.09.2020 23:00:00.000 GMT+0200,1.29821,1.30231,1.28845,1.30016,331818.3900000001
09.09.2020 23:00:00.000 GMT+0200,1.30017,1.30347,1.27731,1.28035,431663.16169999994
10.09.2020 23:00:00.000 GMT+0200,1.28035,1.28654,1.27621,1.27942,286694.03010000003
13.09.2020 23:00:00.000 GMT+0200,1.27733,1.29191,1.27664,1.28458,209155.52999999997
14.09.2020 23:00:00.000 GMT+0200,1.28458,1.29260,1.28143,1.28885,230495.2203
15.09.2020 23:00:00.000 GMT+0200,1.28882,1.30070,1.28748,1.29662,275874.2905
16.09.2020 23:00:00.000 GMT+0200,1.29681,1.29986,1.28645,1.29725,374898.99000000005
17.09.2020 23:00:00.000 GMT+0200,1.29729,1.29996,1.29139,1.29143,259839.84980000003
20.09.2020 23:00:00.000 GMT+0200,1.29237,1.29663,1.27750,1.28155,318457.4514
21.09.2020 23:00:00.000 GMT+0200,1.28167,1.28669,1.27105,1.27287,327545.3413999999
22.09.2020 23:00:00.000 GMT+0200,1.27294,1.27768,1.26748,1.27215,315867.6303
23.09.2020 23:00:00.000 GMT+0200,1.27221,1.27810,1.26903,1.27384,336871.9273
24.09.2020 23:00:00.000 GMT+0200,1.27462,1.28054,1.26871,1.27395,237199.70960000003
27.09.2020 23:00:00.000 GMT+0200,1.27617,1.29298,1.27508,1.28301,248889.15859999997
28.09.2020 23:00:00.000 GMT+0200,1.28301,1.29026,1.28222,1.28568,273062.3919
29.09.2020 23:00:00.000 GMT+0200,1.28598,1.29424,1.28052,1.29138,331172.4687
30.09.2020 23:00:00.000 GMT+0200,1.29138,1.29782,1.28191,1.28835,323118.1007
01.10.2020 23:00:00.000 GMT+0200,1.28787,1.29537,1.28365,1.29274,368431.5773
04.10.2020 23:00:00.000 GMT+0200,1.29337,1.29911,1.28994,1.29757,224135.88820000004
05.10.2020 23:00:00.000 GMT+0200,1.29736,1.30070,1.28665,1.28671,304502.523
06.10.2020 23:00:00.000 GMT+0200,1.28681,1.29293,1.28450,1.29133,279671.4073000001
07.10.2020 23:00:00.000 GMT+0200,1.29113,1.29700,1.28908,1.29360,221721.7278
08.10.2020 23:00:00.000 GMT+0200,1.29357,1.30486,1.29176,1.30433,224505.4588
11.10.2020 23:00:00.000 GMT+0200,1.30234,1.30825,1.30051,1.30620,182356.14969999998
12.10.2020 23:00:00.000 GMT+0200,1.30637,1.30677,1.29215,1.29348,248605.98999999996
13.10.2020 23:00:00.000 GMT+0200,1.29349,1.30641,1.28623,1.30114,258663.50029999999
14.10.2020 23:00:00.000 GMT+0200,1.30114,1.30297,1.28901,1.29022,257675.6111
15.10.2020 23:00:00.000 GMT+0200,1.29045,1.29619,1.28618,1.29082,335371.9775
18.10.2020 23:00:00.000 GMT+0200,1.28924,1.30240,1.28920,1.29387,276483.7449
19.10.2020 23:00:00.000 GMT+0200,1.29387,1.29796,1.29110,1.29469,238990.6393
20.10.2020 23:00:00.000 GMT+0200,1.29463,1.31766,1.29401,1.31453,403733.11640000006
21.10.2020 23:00:00.000 GMT+0200,1.31413,1.31514,1.30702,1.30782,715398.1803000004
22.10.2020 23:00:00.000 GMT+0200,1.30777,1.31223,1.30187,1.30391,549877.9765999999
25.10.2020 23:00:00.000 GMT+0200,1.30563,1.30745,1.29925,1.30227,820971.5147999999
26.10.2020 23:00:00.000 GMT+0200,1.30232,1.30794,1.30008,1.30431,543064.8730000001
27.10.2020 23:00:00.000 GMT+0200,1.30417,1.30632,1.29162,1.29825,498588.72390000004
28.10.2020 23:00:00.000 GMT+0200,1.29836,1.30254,1.28804,1.29233,499460.9657
29.10.2020 23:00:00.000 GMT+0200,1.29249,1.29879,1.28987,1.29472,511283.14690000005
02.11.2020 00:00:00.000 GMT+0200,1.29243,1.29424,1.28538,1.29154,415541.94090000005
03.11.2020 00:00:00.000 GMT+0200,1.29154,1.30786,1.29073,1.30528,297897.9597
04.11.2020 00:00:00.000 GMT+0200,1.30519,1.31397,1.29140,1.29854,904201.0018999999
05.11.2020 00:00:00.000 GMT+0200,1.29850,1.31544,1.29299,1.31451,673202.2305000001
06.11.2020 00:00:00.000 GMT+0200,1.31452,1.31769,1.30922,1.31477,680569.8827000001
09.11.2020 00:00:00.000 GMT+0200,1.31592,1.32078,1.31179,1.31627,897656.8361
10.11.2020 00:00:00.000 GMT+0200,1.31630,1.32778,1.31554,1.32692,601671.4878000001
11.11.2020 00:00:00.000 GMT+0200,1.32692,1.33132,1.31908,1.32204,288265.90099999995
12.11.2020 00:00:00.000 GMT+0200,1.32205,1.32281,1.31061,1.31144,254167.21120000005
13.11.2020 00:00:00.000 GMT+0200,1.31144,1.31996,1.31088,1.31983,202569.8299
16.11.2020 00:00:00.000 GMT+0200,1.31660,1.32420,1.31652,1.31964,200980.1001
17.11.2020 00:00:00.000 GMT+0200,1.31964,1.32725,1.31910,1.32449,173774.97120000006
18.11.2020 00:00:00.000 GMT+0200,1.32449,1.33121,1.32435,1.32709,147316.8787
19.11.2020 00:00:00.000 GMT+0200,1.32678,1.32787,1.31957,1.32596,199356.52990000002
20.11.2020 00:00:00.000 GMT+0200,1.32596,1.32975,1.32431,1.32817,172336.20000000004
23.11.2020 00:00:00.000 GMT+0200,1.32927,1.33975,1.32633,1.33244,178274.72920000003
24.11.2020 00:00:00.000 GMT+0200,1.33245,1.33801,1.32927,1.33586,190522.7494
25.11.2020 00:00:00.000 GMT+0200,1.33572,1.33931,1.33038,1.33860,180333.3501
26.11.2020 00:00:00.000 GMT+0200,1.33820,1.33975,1.33217,1.33566,130982.3413
27.11.2020 00:00:00.000 GMT+0200,1.33560,1.33814,1.32875,1.33068,197292.25069999998
30.11.2020 00:00:00.000 GMT+0200,1.33310,1.33846,1.33048,1.33214,218088.07830000005
01.12.2020 00:00:00.000 GMT+0200,1.33214,1.34420,1.33153,1.34179,197672.4286
02.12.2020 00:00:00.000 GMT+0200,1.34199,1.34409,1.32872,1.33637,216312.78059999994
03.12.2020 00:00:00.000 GMT+0200,1.33637,1.34997,1.33528,1.34505,229566.04970000003
04.12.2020 00:00:00.000 GMT+0200,1.34403,1.35391,1.34098,1.34332,279895.4594
07.12.2020 00:00:00.000 GMT+0200,1.34092,1.34373,1.32243,1.33789,249873.03840000002
08.12.2020 00:00:00.000 GMT+0200,1.33772,1.33932,1.32896,1.33575,254340.60030000002
09.12.2020 00:00:00.000 GMT+0200,1.33539,1.34778,1.33519,1.34003,201280.60100000002
10.12.2020 00:00:00.000 GMT+0200,1.34009,1.34108,1.32450,1.32909,244180.99910000004
11.12.2020 00:00:00.000 GMT+0200,1.32945,1.33239,1.31339,1.32203,232707.95029999997
14.12.2020 00:00:00.000 GMT+0200,1.33603,1.34451,1.32897,1.33288,190289.29129999998
15.12.2020 00:00:00.000 GMT+0200,1.33220,1.34688,1.32798,1.34575,217090.46010000003
16.12.2020 00:00:00.000 GMT+0200,1.34573,1.35545,1.34339,1.35081,159877.71600000004
17.12.2020 00:00:00.000 GMT+0200,1.35081,1.36244,1.34948,1.35832,112419.76320000002
18.12.2020 00:00:00.000 GMT+0200,1.35854,1.35896,1.34712,1.35142,145563.86260000002
21.12.2020 00:00:00.000 GMT+0200,1.34004,1.34995,1.31875,1.34608,215787.1806
22.12.2020 00:00:00.000 GMT+0200,1.34617,1.34692,1.33036,1.33586,184219.88080000004
23.12.2020 00:00:00.000 GMT+0200,1.33593,1.35704,1.33505,1.34904,210919.07200000001
24.12.2020 00:00:00.000 GMT+0200,1.34908,1.36188,1.34872,1.35532,241350.05969999995
25.12.2020 00:00:00.000 GMT+0200,1.35535,1.35870,1.35300,1.35408,710.1650000000001
28.12.2020 00:00:00.000 GMT+0200,1.35452,1.35753,1.34290,1.34489,137738.97049999997
29.12.2020 00:00:00.000 GMT+0200,1.34489,1.35224,1.34408,1.34988,172445.66439999998
30.12.2020 00:00:00.000 GMT+0200,1.34989,1.36253,1.34926,1.36230,183377.29199999996
31.12.2020 00:00:00.000 GMT+0200,1.36236,1.36859,1.36037,1.36630,216781.8786
04.01.2021 00:00:00.000 GMT+0200,1.36455,1.37039,1.35412,1.35664,188158.00019999998
05.01.2021 00:00:00.000 GMT+0200,1.35663,1.36417,1.35540,1.36259,153838.80139999997
06.01.2021 00:00:00.000 GMT+0200,1.36256,1.36707,1.35384,1.36078,193537.38810000007
07.01.2021 00:00:00.000 GMT+0200,1.36065,1.36330,1.35325,1.35611,149436.73979999998
08.01.2021 00:00:00.000 GMT+0200,1.35625,1.36356,1.35378,1.35621,153858.7555
11.01.2021 00:00:00.000 GMT+0200,1.35588,1.35697,1.34503,1.35102,124224.9016
12.01.2021 00:00:00.000 GMT+0200,1.35094,1.36700,1.35040,1.36628,111322.441
13.01.2021 00:00:00.000 GMT+0200,1.36625,1.37009,1.36113,1.36336,114825.02240000002
14.01.2021 00:00:00.000 GMT+0200,1.36352,1.37107,1.36160,1.36861,118814.7008
15.01.2021 00:00:00.000 GMT+0200,1.36856,1.36977,1.35721,1.35769,108727.3456
18.01.2021 00:00:00.000 GMT+0200,1.35922,1.35996,1.35193,1.35852,88152.50670000001
19.01.2021 00:00:00.000 GMT+0200,1.35853,1.36363,1.35743,1.36289,85500.26239999999
20.01.2021 00:00:00.000 GMT+0200,1.36289,1.37186,1.36230,1.36497,90213.9209
21.01.2021 00:00:00.000 GMT+0200,1.36497,1.37456,1.36463,1.37304,93699.925
22.01.2021 00:00:00.000 GMT+0200,1.37305,1.37359,1.36355,1.36784,85341.292
25.01.2021 00:00:00.000 GMT+0200,1.36763,1.37232,1.36484,1.36743,87521.89709999999
26.01.2021 00:00:00.000 GMT+0200,1.36744,1.37442,1.36092,1.37360,81059.11080000001
27.01.2021 00:00:00.000 GMT+0200,1.37362,1.37585,1.36588,1.36846,125973.0665
28.01.2021 00:00:00.000 GMT+0200,1.36847,1.37457,1.36298,1.37181,121740.31109999999
29.01.2021 00:00:00.000 GMT+0200,1.37186,1.37512,1.36570,1.37023,137293.47360000003
01.02.2021 00:00:00.000 GMT+0200,1.37052,1.37574,1.36560,1.36588,106321.01359999999
02.02.2021 00:00:00.000 GMT+0200,1.36578,1.37101,1.36108,1.36669,89332.8977
03.02.2021 00:00:00.000 GMT+0200,1.36670,1.36832,1.36189,1.36435,78111.2967
04.02.2021 00:00:00.000 GMT+0200,1.36437,1.36978,1.35655,1.36715,102700.6379
05.02.2021 00:00:00.000 GMT+0200,1.36715,1.37397,1.36613,1.37291,81901.3816
08.02.2021 00:00:00.000 GMT+0200,1.37151,1.37491,1.36800,1.37379,73179.6878
09.02.2021 00:00:00.000 GMT+0200,1.37359,1.38203,1.37347,1.38154,74678.8927
10.02.2021 00:00:00.000 GMT+0200,1.38154,1.38658,1.38023,1.38303,80074.29220000001
11.02.2021 00:00:00.000 GMT+0200,1.38299,1.38593,1.38001,1.38143,59977.30000000002
12.02.2021 00:00:00.000 GMT+0200,1.38127,1.38623,1.37754,1.38497,59341.6594
15.02.2021 00:00:00.000 GMT+0200,1.38482,1.39188,1.38482,1.38988,67513.8406
16.02.2021 00:00:00.000 GMT+0200,1.38987,1.39515,1.38690,1.39021,85192.7028
17.02.2021 00:00:00.000 GMT+0200,1.39014,1.39077,1.38294,1.38590,97399.59490000001
18.02.2021 00:00:00.000 GMT+0200,1.38626,1.39859,1.38395,1.39725,89151.71189999997
19.02.2021 00:00:00.000 GMT+0200,1.39718,1.40359,1.39511,1.40059,78805.5581
22.02.2021 00:00:00.000 GMT+0200,1.40110,1.40861,1.39803,1.40608,81441.116
23.02.2021 00:00:00.000 GMT+0200,1.40608,1.41167,1.40541,1.41126,81128.74049999999
24.02.2021 00:00:00.000 GMT+0200,1.41125,1.42415,1.40819,1.41389,93146.8976
25.02.2021 00:00:00.000 GMT+0200,1.41378,1.41820,1.40000,1.40046,138477.4334
26.02.2021 00:00:00.000 GMT+0200,1.40081,1.40259,1.38876,1.39244,179172.63949999996
01.03.2021 00:00:00.000 GMT+0200,1.39290,1.39990,1.39035,1.39247,111536.25210000001
02.03.2021 00:00:00.000 GMT+0200,1.39241,1.39768,1.38587,1.39516,99902.59989999999
03.03.2021 00:00:00.000 GMT+0200,1.39515,1.40061,1.39207,1.39486,122510.4527
04.03.2021 00:00:00.000 GMT+0200,1.39478,1.40171,1.38801,1.38938,151372.90469999998
05.03.2021 00:00:00.000 GMT+0200,1.38927,1.39062,1.37784,1.38357,158190.21009999997
08.03.2021 00:00:00.000 GMT+0200,1.38114,1.38654,1.37999,1.38183,131683.9441
09.03.2021 00:00:00.000 GMT+0200,1.38172,1.39253,1.38016,1.38866,105088.962
10.03.2021 00:00:00.000 GMT+0200,1.38819,1.39378,1.38453,1.39332,111126.62000000001
11.03.2021 00:00:00.000 GMT+0200,1.39331,1.39956,1.39186,1.39891,94315.7523
12.03.2021 00:00:00.000 GMT+0200,1.39879,1.40045,1.38632,1.39129,99110.6871
14.03.2021 23:00:00.000 GMT+0200,1.39143,1.39495,1.38530,1.38998,86443.8248
15.03.2021 23:00:00.000 GMT+0200,1.38998,1.39059,1.38089,1.38896,84265.39570000002
16.03.2021 23:00:00.000 GMT+0200,1.38887,1.39707,1.38506,1.39627,97003.83029999999
17.03.2021 23:00:00.000 GMT+0200,1.39627,1.40012,1.38971,1.39277,118206.12980000001
18.03.2021 23:00:00.000 GMT+0200,1.39277,1.39591,1.38301,1.38662,99183.37580000001
21.03.2021 23:00:00.000 GMT+0200,1.38350,1.38767,1.38174,1.38623,64990.3399
22.03.2021 23:00:00.000 GMT+0200,1.38621,1.38672,1.37403,1.37474,84437.06820000001
23.03.2021 23:00:00.000 GMT+0200,1.37479,1.37573,1.36738,1.36863,86601.5891
24.03.2021 23:00:00.000 GMT+0200,1.36828,1.37452,1.36700,1.37314,83366.9953
25.03.2021 23:00:00.000 GMT+0200,1.37307,1.38123,1.37258,1.37855,68259.21029999999
28.03.2021 23:00:00.000 GMT+0200,1.37904,1.38469,1.37551,1.37601,75089.93650000001
29.03.2021 23:00:00.000 GMT+0200,1.37587,1.37831,1.37058,1.37390,77938.0149
30.03.2021 23:00:00.000 GMT+0200,1.37390,1.38116,1.37160,1.37791,76270.06999999999
31.03.2021 23:00:00.000 GMT+0200,1.37792,1.38363,1.37457,1.38314,77390.69910000001
01.04.2021 23:00:00.000 GMT+0200,1.38320,1.38521,1.38095,1.38272,129033.05780000001
04.04.2021 23:00:00.000 GMT+0200,1.38210,1.39133,1.38126,1.38970,49111.2495
05.04.2021 23:00:00.000 GMT+0200,1.38970,1.39186,1.38017,1.38224,79554.6106
06.04.2021 23:00:00.000 GMT+0200,1.38219,1.38397,1.37241,1.37371,88451.1094
07.04.2021 23:00:00.000 GMT+0200,1.37371,1.37822,1.37185,1.37325,71334.803
08.04.2021 23:00:00.000 GMT+0200,1.37319,1.37503,1.36696,1.37054,70326.9342
11.04.2021 23:00:00.000 GMT+0200,1.37025,1.37766,1.36689,1.37387,64278.36949999999
12.04.2021 23:00:00.000 GMT+0200,1.37379,1.37688,1.36941,1.37507,74269.3448
13.04.2021 23:00:00.000 GMT+0200,1.37500,1.38085,1.37484,1.37773,66763.90079999999
14.04.2021 23:00:00.000 GMT+0200,1.37773,1.38088,1.37612,1.37829,66940.47989999999
15.04.2021 23:00:00.000 GMT+0200,1.37824,1.38437,1.37159,1.38261,74531.08530000002
18.04.2021 23:00:00.000 GMT+0200,1.38280,1.39926,1.38094,1.39846,91630.33730000001
19.04.2021 23:00:00.000 GMT+0200,1.39853,1.40089,1.39260,1.39371,68273.63049999998
20.04.2021 23:00:00.000 GMT+0200,1.39371,1.39494,1.38853,1.39271,63186.11
21.04.2021 23:00:00.000 GMT+0200,1.39272,1.39495,1.38234,1.38381,77404.07040000001
22.04.2021 23:00:00.000 GMT+0200,1.38382,1.38952,1.38336,1.38736,70160.1494
25.04.2021 23:00:00.000 GMT+0200,1.38668,1.39292,1.38642,1.38975,69563.29089999999
26.04.2021 23:00:00.000 GMT+0200,1.38984,1.39239,1.38582,1.39107,62715.67500000001
27.04.2021 23:00:00.000 GMT+0200,1.39107,1.39503,1.38607,1.39329,80346.6261
28.04.2021 23:00:00.000 GMT+0200,1.39322,1.39764,1.39306,1.39392,79344.5432
29.04.2021 23:00:00.000 GMT+0200,1.39389,1.39581,1.38023,1.38077,83903.2306
02.05.2021 23:00:00.000 GMT+0200,1.38116,1.39315,1.38008,1.39081,65513.389599999995
03.05.2021 23:00:00.000 GMT+0200,1.39083,1.39133,1.38382,1.38854,98903.1105
04.05.2021 23:00:00.000 GMT+0200,1.38856,1.39260,1.38759,1.39014,62918.5809
05.05.2021 23:00:00.000 GMT+0200,1.39015,1.39405,1.38569,1.38878,84954.9791
06.05.2021 23:00:00.000 GMT+0200,1.38878,1.40056,1.38851,1.39811,98916.1448
09.05.2021 23:00:00.000 GMT+0200,1.40035,1.41582,1.39938,1.41166,87147.36509999998
10.05.2021 23:00:00.000 GMT+0200,1.41166,1.41665,1.41036,1.41410,85384.7403
11.05.2021 23:00:00.000 GMT+0200,1.41411,1.41527,1.40499,1.40521,113926.55410000001
12.05.2021 23:00:00.000 GMT+0200,1.40521,1.40778,1.40053,1.40491,101594.449
13.05.2021 23:00:00.000 GMT+0200,1.40468,1.41108,1.40359,1.40945,70982.1213
16.05.2021 23:00:00.000 GMT+0200,1.40956,1.41465,1.40769,1.41360,73104.9197
17.05.2021 23:00:00.000 GMT+0200,1.41360,1.42200,1.41275,1.41836,71341.1557
18.05.2021 23:00:00.000 GMT+0200,1.41836,1.42004,1.40995,1.41128,98898.6197
19.05.2021 23:00:00.000 GMT+0200,1.41129,1.41922,1.41009,1.41891,76158.6501
20.05.2021 23:00:00.000 GMT+0200,1.41890,1.42336,1.41401,1.41409,93808.95039999999
23.05.2021 23:00:00.000 GMT+0200,1.41468,1.41714,1.41110,1.41546,70632.4451
24.05.2021 23:00:00.000 GMT+0200,1.41546,1.42107,1.41153,1.41489,83964.4246
25.05.2021 23:00:00.000 GMT+0200,1.41451,1.41758,1.41119,1.41158,77765.47999999998
26.05.2021 23:00:00.000 GMT+0200,1.41150,1.42188,1.40913,1.42034,96503.00990000002
27.05.2021 23:00:00.000 GMT+0200,1.41998,1.42083,1.41360,1.41834,97524.41940000001
30.05.2021 23:00:00.000 GMT+0200,1.41793,1.42176,1.41636,1.42093,61139.6527
31.05.2021 23:00:00.000 GMT+0200,1.42090,1.42491,1.41461,1.41473,95246.44229999998
01.06.2021 23:00:00.000 GMT+0200,1.41468,1.41830,1.41115,1.41693,87263.2049
02.06.2021 23:00:00.000 GMT+0200,1.41693,1.42026,1.40861,1.41039,121421.76980000001
03.06.2021 23:00:00.000 GMT+0200,1.41039,1.42002,1.40827,1.41553,96160.40539999999
06.06.2021 23:00:00.000 GMT+0200,1.41544,1.41906,1.41110,1.41803,79276.97290000001
07.06.2021 23:00:00.000 GMT+0200,1.41801,1.41843,1.41207,1.41548,82220.06030000001
08.06.2021 23:00:00.000 GMT+0200,1.41551,1.41890,1.41096,1.41149,67249.66930000001
09.06.2021 23:00:00.000 GMT+0200,1.41127,1.41780,1.40730,1.41754,109511.774
10.06.2021 23:00:00.000 GMT+0200,1.41759,1.41851,1.40953,1.41056,86571.11000000002
13.06.2021 23:00:00.000 GMT+0200,1.40994,1.41237,1.40699,1.41070,72698.5341
14.06.2021 23:00:00.000 GMT+0200,1.41066,1.41286,1.40341,1.40823,81962.71990000001
15.06.2021 23:00:00.000 GMT+0200,1.40810,1.41324,1.39819,1.39836,113671.36009999999
16.06.2021 23:00:00.000 GMT+0200,1.39830,1.40085,1.38955,1.39229,120318.23000000001
17.06.2021 23:00:00.000 GMT+0200,1.39224,1.39440,1.37914,1.38003,129969.9069
20.06.2021 23:00:00.000 GMT+0200,1.38068,1.39366,1.37859,1.39326,118312.93089999999
21.06.2021 23:00:00.000 GMT+0200,1.39327,1.39633,1.38600,1.39459,86758.72900000002
22.06.2021 23:00:00.000 GMT+0200,1.39456,1.40011,1.39237,1.39599,85549.77489999999
23.06.2021 23:00:00.000 GMT+0200,1.39586,1.39863,1.38892,1.39210,100409.2098
24.06.2021 23:00:00.000 GMT+0200,1.39210,1.39351,1.38711,1.38779,75194.35369999998
27.06.2021 23:00:00.000 GMT+0200,1.38794,1.39393,1.38705,1.38809,71721.9378
28.06.2021 23:00:00.000 GMT+0200,1.38786,1.38840,1.38137,1.38319,77902.6396
29.06.2021 23:00:00.000 GMT+0200,1.38319,1.38726,1.37982,1.38281,87380.8247
30.06.2021 23:00:00.000 GMT+0200,1.38281,1.38351,1.37525,1.37613,97593.4209
01.07.2021 23:00:00.000 GMT+0200,1.37608,1.38444,1.37313,1.38244,103362.1591
04.07.2021 23:00:00.000 GMT+0200,1.38189,1.38617,1.38167,1.38439,82832.3569
05.07.2021 23:00:00.000 GMT+0200,1.38439,1.38981,1.37727,1.37985,96429.62479999998
06.07.2021 23:00:00.000 GMT+0200,1.37979,1.38414,1.37537,1.37991,110331.8451
07.07.2021 23:00:00.000 GMT+0200,1.37991,1.38046,1.37414,1.37852,145231.57059999998
08.07.2021 23:00:00.000 GMT+0200,1.37852,1.39088,1.37552,1.38924,153051.92630000002
11.07.2021 23:00:00.000 GMT+0200,1.38911,1.39097,1.38387,1.38805,120393.0241
12.07.2021 23:00:00.000 GMT+0200,1.38805,1.39051,1.37998,1.38130,110849.10840000004
13.07.2021 23:00:00.000 GMT+0200,1.38130,1.38917,1.38011,1.38600,108037.03469999999
14.07.2021 23:00:00.000 GMT+0200,1.38592,1.38988,1.38046,1.38264,100597.63949999999
15.07.2021 23:00:00.000 GMT+0200,1.38250,1.38617,1.37565,1.37565,84157.05709999999
18.07.2021 23:00:00.000 GMT+0200,1.37677,1.37706,1.36545,1.36733,127123.90800000001
19.07.2021 23:00:00.000 GMT+0200,1.36726,1.36892,1.35717,1.36257,103133.2598
20.07.2021 23:00:00.000 GMT+0200,1.36251,1.37227,1.35908,1.37120,79156.3022
21.07.2021 23:00:00.000 GMT+0200,1.37124,1.37869,1.36904,1.37665,83262.5646
22.07.2021 23:00:00.000 GMT+0200,1.37661,1.37796,1.37196,1.37449,70208.26629999999
25.07.2021 23:00:00.000 GMT+0200,1.37503,1.38333,1.37366,1.38170,67209.71469999998
26.07.2021 23:00:00.000 GMT+0200,1.38170,1.38941,1.37664,1.38772,87354.4548
27.07.2021 23:00:00.000 GMT+0200,1.38772,1.39109,1.38430,1.38999,76113.0478
28.07.2021 23:00:00.000 GMT+0200,1.38999,1.39816,1.38977,1.39585,53605.47449999999
29.07.2021 23:00:00.000 GMT+0200,1.39585,1.39832,1.38877,1.38959,61058.219999999994
01.08.2021 23:00:00.000 GMT+0200,1.38963,1.39323,1.38753,1.38844,56511.685
02.08.2021 23:00:00.000 GMT+0200,1.38844,1.39385,1.38809,1.39140,57765.124299999996
03.08.2021 23:00:00.000 GMT+0200,1.39139,1.39574,1.38854,1.38878,59629.066
04.08.2021 23:00:00.000 GMT+0200,1.38877,1.39488,1.38719,1.39285,65034.48970000001
05.08.2021 23:00:00.000 GMT+0200,1.39269,1.39327,1.38608,1.38693,51646.50959999999
08.08.2021 23:00:00.000 GMT+0200,1.38702,1.38942,1.38406,1.38448,56021.3124
09.08.2021 23:00:00.000 GMT+0200,1.38448,1.38721,1.38272,1.38362,43885.07030000001
10.08.2021 23:00:00.000 GMT+0200,1.38351,1.38875,1.38023,1.38633,49657.911799999994
11.08.2021 23:00:00.000 GMT+0200,1.38637,1.38782,1.37945,1.38050,43982.030099999996
12.08.2021 23:00:00.000 GMT+0200,1.38038,1.38749,1.37904,1.38576,35114.3652
15.08.2021 23:00:00.000 GMT+0200,1.38553,1.38783,1.38277,1.38396,47908.248999999996
16.08.2021 23:00:00.000 GMT+0200,1.38396,1.38449,1.37260,1.37436,48994.21500000001
17.08.2021 23:00:00.000 GMT+0200,1.37387,1.37859,1.37231,1.37531,42710.5355
18.08.2021 23:00:00.000 GMT+0200,1.37536,1.37578,1.36316,1.36326,58997.7852
19.08.2021 23:00:00.000 GMT+0200,1.36345,1.36460,1.36019,1.36144,46061.2603
22.08.2021 23:00:00.000 GMT+0200,1.36156,1.37319,1.36096,1.37220,46112.33899999999
23.08.2021 23:00:00.000 GMT+0200,1.37206,1.37474,1.36936,1.37274,44934.6052
24.08.2021 23:00:00.000 GMT+0200,1.37274,1.37664,1.36962,1.37631,41830.800500000005
25.08.2021 23:00:00.000 GMT+0200,1.37616,1.37675,1.36891,1.36978,50625.2476
26.08.2021 23:00:00.000 GMT+0200,1.36978,1.37807,1.36796,1.37544,66568.36499999999
29.08.2021 23:00:00.000 GMT+0200,1.37553,1.37749,1.37337,1.37561,34752.7629
30.08.2021 23:00:00.000 GMT+0200,1.37560,1.38077,1.37426,1.37531,64743.010100000014
31.08.2021 23:00:00.000 GMT+0200,1.37532,1.37980,1.37309,1.37673,54301.33
01.09.2021 23:00:00.000 GMT+0200,1.37672,1.38398,1.37668,1.38316,40788.907699999996
02.09.2021 23:00:00.000 GMT+0200,1.38324,1.38915,1.38177,1.38600,61236.493
05.09.2021 23:00:00.000 GMT+0200,1.38553,1.38677,1.38181,1.38333,54535.7447
06.09.2021 23:00:00.000 GMT+0200,1.38333,1.38564,1.37674,1.37822,63748.7254
07.09.2021 23:00:00.000 GMT+0200,1.37828,1.37903,1.37261,1.37711,59489.3695
08.09.2021 23:00:00.000 GMT+0200,1.37710,1.38625,1.37530,1.38351,62652.004499999995
09.09.2021 23:00:00.000 GMT+0200,1.38351,1.38883,1.38258,1.38299,61658.29939999999
12.09.2021 23:00:00.000 GMT+0200,1.38303,1.38508,1.37968,1.38374,50923.8328
13.09.2021 23:00:00.000 GMT+0200,1.38371,1.39130,1.38033,1.38061,60034.019700000004
14.09.2021 23:00:00.000 GMT+0200,1.38056,1.38536,1.37922,1.38392,51790.44440000001
15.09.2021 23:00:00.000 GMT+0200,1.38392,1.38523,1.37642,1.37908,47004.41160000001
16.09.2021 23:00:00.000 GMT+0200,1.37918,1.38125,1.37256,1.37283,56547.862100000006
19.09.2021 23:00:00.000 GMT+0200,1.37346,1.37487,1.36405,1.36560,64585.773499999996
20.09.2021 23:00:00.000 GMT+0200,1.36560,1.36927,1.36410,1.36580,60742.255699999994
21.09.2021 23:00:00.000 GMT+0200,1.36580,1.36893,1.36090,1.36141,72429.8704
22.09.2021 23:00:00.000 GMT+0200,1.36155,1.37505,1.36119,1.37186,72777.0502
23.09.2021 23:00:00.000 GMT+0200,1.37184,1.37364,1.36576,1.36730,50679.3578
26.09.2021 23:00:00.000 GMT+0200,1.36617,1.37287,1.36577,1.36987,62221.07550000001
27.09.2021 23:00:00.000 GMT+0200,1.36987,1.37170,1.35203,1.35352,83782.67009999999
28.09.2021 23:00:00.000 GMT+0200,1.35350,1.35544,1.34116,1.34248,78282.62019999999
29.09.2021 23:00:00.000 GMT+0200,1.34247,1.35170,1.34153,1.34712,74208.5206
30.09.2021 23:00:00.000 GMT+0200,1.34711,1.35753,1.34333,1.35423,88669.94049999998
03.10.2021 23:00:00.000 GMT+0200,1.35544,1.36401,1.35314,1.36055,74997.2697
04.10.2021 23:00:00.000 GMT+0200,1.36063,1.36477,1.35841,1.36245,63379.475099999996
05.10.2021 23:00:00.000 GMT+0200,1.36232,1.36314,1.35436,1.35809,84125.4123
06.10.2021 23:00:00.000 GMT+0200,1.35809,1.36383,1.35702,1.36140,60321.61989999999
07.10.2021 23:00:00.000 GMT+0200,1.36139,1.36577,1.35832,1.36087,66350.9909
10.10.2021 23:00:00.000 GMT+0200,1.36171,1.36735,1.35841,1.35929,54132.4314
11.10.2021 23:00:00.000 GMT+0200,1.35926,1.36371,1.35681,1.35860,60085.6686
12.10.2021 23:00:00.000 GMT+0200,1.35860,1.36646,1.35755,1.36568,67996.46019999999
13.10.2021 23:00:00.000 GMT+0200,1.36568,1.37341,1.36560,1.36702,48318.2496
14.10.2021 23:00:00.000 GMT+0200,1.36699,1.37731,1.36672,1.37439,57103.48009999999
17.10.2021 23:00:00.000 GMT+0200,1.37484,1.37649,1.37088,1.37263,51373.7305
18.10.2021 23:00:00.000 GMT+0200,1.37263,1.38334,1.37245,1.37926,48169.03050000001
19.10.2021 23:00:00.000 GMT+0200,1.37930,1.38343,1.37420,1.38220,54077.6201
20.10.2021 23:00:00.000 GMT+0200,1.38220,1.38328,1.37759,1.37900,53651.537800000006
21.10.2021 23:00:00.000 GMT+0200,1.37899,1.38149,1.37354,1.37514,82985.9755
24.10.2021 23:00:00.000 GMT+0200,1.37455,1.37918,1.37370,1.37646,63911.0547
25.10.2021 23:00:00.000 GMT+0200,1.37646,1.38293,1.37565,1.37647,66632.9805
26.10.2021 23:00:00.000 GMT+0200,1.37624,1.37808,1.37092,1.37413,77187.4501
27.10.2021 23:00:00.000 GMT+0200,1.37411,1.38149,1.37219,1.37923,83631.21959999998
28.10.2021 23:00:00.000 GMT+0200,1.37923,1.38035,1.36678,1.36762,81797.1206
31.10.2021 23:00:00.000 GMT+0200,1.36764,1.36930,1.36416,1.36593,65555.3695
01.11.2021 23:00:00.000 GMT+0200,1.36581,1.36695,1.36053,1.36120,67595.37860000001
02.11.2021 23:00:00.000 GMT+0200,1.36120,1.36918,1.36072,1.36855,72171.01629999999
03.11.2021 23:00:00.000 GMT+0200,1.36855,1.36984,1.34707,1.34972,85422.881
04.11.2021 23:00:00.000 GMT+0200,1.34963,1.35086,1.34240,1.34928,72806.59999999999
08.11.2021 00:00:00.000 GMT+0200,1.34764,1.35795,1.34498,1.35635,65927.8614
09.11.2021 00:00:00.000 GMT+0200,1.35635,1.36071,1.35238,1.35569,66516.0843
10.11.2021 00:00:00.000 GMT+0200,1.35569,1.35645,1.34005,1.34019,88957.14429999999
11.11.2021 00:00:00.000 GMT+0200,1.34006,1.34327,1.33581,1.33699,70258.1172
12.11.2021 00:00:00.000 GMT+0200,1.33701,1.34260,1.33528,1.34140,62267.43450000001
15.11.2021 00:00:00.000 GMT+0200,1.34127,1.34493,1.34027,1.34090,61403.7267
16.11.2021 00:00:00.000 GMT+0200,1.34090,1.34725,1.34050,1.34267,76702.68460000001
17.11.2021 00:00:00.000 GMT+0200,1.34274,1.34960,1.33960,1.34888,76926.1147
18.11.2021 00:00:00.000 GMT+0200,1.34888,1.35133,1.34636,1.34957,67928.98249999998
19.11.2021 00:00:00.000 GMT+0200,1.34957,1.35094,1.34072,1.34486,91810.07579999999
22.11.2021 00:00:00.000 GMT+0200,1.34495,1.34543,1.33840,1.33946,93699.9507
23.11.2021 00:00:00.000 GMT+0200,1.33947,1.34091,1.33419,1.33759,83072.66729999999
24.11.2021 00:00:00.000 GMT+0200,1.33759,1.33896,1.33156,1.33261,85463.4701
25.11.2021 00:00:00.000 GMT+0200,1.33261,1.33533,1.33048,1.33194,76077.3754
26.11.2021 00:00:00.000 GMT+0200,1.33194,1.33650,1.32780,1.33283,192246.95410000003
29.11.2021 00:00:00.000 GMT+0200,1.33357,1.33628,1.32872,1.33118,85683.43870000003
30.11.2021 00:00:00.000 GMT+0200,1.33120,1.33702,1.31943,1.32977,158475.60489999998
01.12.2021 00:00:00.000 GMT+0200,1.32977,1.33516,1.32613,1.32760,104461.0052
02.12.2021 00:00:00.000 GMT+0200,1.32741,1.33335,1.32699,1.33006,97174.1399
03.12.2021 00:00:00.000 GMT+0200,1.33008,1.33098,1.32084,1.32264,108367.8352
06.12.2021 00:00:00.000 GMT+0200,1.32136,1.32861,1.32136,1.32611,73474.5139
07.12.2021 00:00:00.000 GMT+0200,1.32604,1.32892,1.32088,1.32413,73249.08260000001
08.12.2021 00:00:00.000 GMT+0200,1.32412,1.32610,1.31612,1.32029,95858.7035
09.12.2021 00:00:00.000 GMT+0200,1.32015,1.32223,1.31704,1.32186,67120.88529999998
10.12.2021 00:00:00.000 GMT+0200,1.32188,1.32751,1.31872,1.32683,70388.20220000001
13.12.2021 00:00:00.000 GMT+0200,1.32399,1.32685,1.32069,1.32139,66524.49999999999
14.12.2021 00:00:00.000 GMT+0200,1.32115,1.32563,1.31907,1.32287,57942.911
15.12.2021 00:00:00.000 GMT+0200,1.32270,1.32824,1.31715,1.32603,81575.8402
16.12.2021 00:00:00.000 GMT+0200,1.32580,1.33741,1.32411,1.33205,89135.83600000001
17.12.2021 00:00:00.000 GMT+0200,1.33207,1.33391,1.32303,1.32340,74806.8493
20.12.2021 00:00:00.000 GMT+0200,1.32366,1.32441,1.31730,1.32061,68113.10979999999
21.12.2021 00:00:00.000 GMT+0200,1.32061,1.32706,1.31974,1.32630,56325.270099999994
22.12.2021 00:00:00.000 GMT+0200,1.32630,1.33631,1.32398,1.33528,51856.8631
23.12.2021 00:00:00.000 GMT+0200,1.33528,1.34377,1.33423,1.34110,47233.47989999999
24.12.2021 00:00:00.000 GMT+0200,1.34110,1.34190,1.33772,1.33821,309562.76900000003
27.12.2021 00:00:00.000 GMT+0200,1.33865,1.34452,1.33865,1.34391,38110.102
28.12.2021 00:00:00.000 GMT+0200,1.34392,1.34614,1.34148,1.34299,34096.6696
29.12.2021 00:00:00.000 GMT+0200,1.34284,1.34993,1.34082,1.34871,44446.9314
30.12.2021 00:00:00.000 GMT+0200,1.34858,1.35215,1.34538,1.35002,41104.2797
31.12.2021 00:00:00.000 GMT+0200,1.34979,1.35500,1.34651,1.35177,48659.4205
03.01.2022 00:00:00.000 GMT+0200,1.35199,1.35338,1.34304,1.34770,58752.9705
04.01.2022 00:00:00.000 GMT+0200,1.34767,1.35570,1.34592,1.35274,70806.37329999998
05.01.2022 00:00:00.000 GMT+0200,1.35273,1.35982,1.35221,1.35523,86257.27890000002
06.01.2022 00:00:00.000 GMT+0200,1.35525,1.35587,1.34900,1.35313,80062.31910000001
07.01.2022 00:00:00.000 GMT+0200,1.35313,1.35969,1.35270,1.35827,71887.52520000002
10.01.2022 00:00:00.000 GMT+0200,1.35734,1.36032,1.35317,1.35750,80781.4604
11.01.2022 00:00:00.000 GMT+0200,1.35750,1.36362,1.35612,1.36335,59213.8675
12.01.2022 00:00:00.000 GMT+0200,1.36334,1.37143,1.36205,1.37007,51905.9063
13.01.2022 00:00:00.000 GMT+0200,1.37007,1.37487,1.36987,1.37050,55762.41060000001
14.01.2022 00:00:00.000 GMT+0200,1.37050,1.37424,1.36530,1.36695,72463.3252
17.01.2022 00:00:00.000 GMT+0200,1.36744,1.36895,1.36371,1.36440,54881.4004
18.01.2022 00:00:00.000 GMT+0200,1.36441,1.36611,1.35725,1.35938,74796.8795
19.01.2022 00:00:00.000 GMT+0200,1.35938,1.36486,1.35876,1.36111,67933.6884
20.01.2022 00:00:00.000 GMT+0200,1.36107,1.36616,1.35865,1.35984,68826.7656
21.01.2022 00:00:00.000 GMT+0200,1.35985,1.36019,1.35452,1.35504,77652.6173
24.01.2022 00:00:00.000 GMT+0200,1.35450,1.35650,1.34400,1.34869,100676.88
25.01.2022 00:00:00.000 GMT+0200,1.34869,1.35184,1.34358,1.34998,93631.1393
26.01.2022 00:00:00.000 GMT+0200,1.34995,1.35245,1.34442,1.34622,104622.06930000002
27.01.2022 00:00:00.000 GMT+0200,1.34615,1.34677,1.33577,1.33819,110028.69519999999
28.01.2022 00:00:00.000 GMT+0200,1.33804,1.34327,1.33649,1.33901,106765.56920000001
31.01.2022 00:00:00.000 GMT+0200,1.33908,1.34600,1.33854,1.34442,88937.38549999999
01.02.2022 00:00:00.000 GMT+0200,1.34441,1.35278,1.34340,1.35205,75634.96830000001
02.02.2022 00:00:00.000 GMT+0200,1.35210,1.35874,1.35164,1.35755,71340.65030000001
03.02.2022 00:00:00.000 GMT+0200,1.35738,1.36275,1.35377,1.35947,117403.62999999999
04.02.2022 00:00:00.000 GMT+0200,1.35947,1.36144,1.35046,1.35211,110216.78
07.02.2022 00:00:00.000 GMT+0200,1.35374,1.35504,1.34900,1.35357,91405.56490000001
08.02.2022 00:00:00.000 GMT+0200,1.35359,1.35636,1.35073,1.35438,77553.25520000001
09.02.2022 00:00:00.000 GMT+0200,1.35438,1.35891,1.35266,1.35329,59046.4134
10.02.2022 00:00:00.000 GMT+0200,1.35327,1.36432,1.35230,1.35556,107667.26900000001
11.02.2022 00:00:00.000 GMT+0200,1.35543,1.36094,1.35136,1.35557,130667.9099
14.02.2022 00:00:00.000 GMT+0200,1.35507,1.35715,1.34948,1.35278,127631.4956
15.02.2022 00:00:00.000 GMT+0200,1.35278,1.35666,1.34862,1.35372,102480.97219999997
16.02.2022 00:00:00.000 GMT+0200,1.35372,1.36009,1.35285,1.35835,85839.293
17.02.2022 00:00:00.000 GMT+0200,1.35833,1.36378,1.35549,1.36142,109891.41989999998
18.02.2022 00:00:00.000 GMT+0200,1.36136,1.36425,1.35727,1.35839,100777.07010000001
21.02.2022 00:00:00.000 GMT+0200,1.35834,1.36381,1.35834,1.35973,90481.14049999996
22.02.2022 00:00:00.000 GMT+0200,1.35973,1.36047,1.35381,1.35830,104803.99630000003
23.02.2022 00:00:00.000 GMT+0200,1.35830,1.36203,1.35355,1.35413,90130.3563
24.02.2022 00:00:00.000 GMT+0200,1.35406,1.35491,1.32726,1.33758,201460.04220000003
25.02.2022 00:00:00.000 GMT+0200,1.33754,1.34386,1.33665,1.34054,139649.1549
28.02.2022 00:00:00.000 GMT+0200,1.33093,1.34314,1.33069,1.34162,162762.63989999998
01.03.2022 00:00:00.000 GMT+0200,1.34174,1.34370,1.33019,1.33226,123011.1485
02.03.2022 00:00:00.000 GMT+0200,1.33228,1.34073,1.32711,1.34047,139077.71819999997
03.03.2022 00:00:00.000 GMT+0200,1.34048,1.34176,1.33173,1.33452,119006.56430000001
04.03.2022 00:00:00.000 GMT+0200,1.33424,1.33545,1.32019,1.32249,133250.261
07.03.2022 00:00:00.000 GMT+0200,1.32241,1.32419,1.31015,1.31033,186846.25639999998
08.03.2022 00:00:00.000 GMT+0200,1.31039,1.31444,1.30817,1.31000,195675.40999999997
09.03.2022 00:00:00.000 GMT+0200,1.31003,1.31896,1.30878,1.31798,120950.21109999999
10.03.2022 00:00:00.000 GMT+0200,1.31798,1.31945,1.30810,1.30836,143628.99970000001
11.03.2022 00:00:00.000 GMT+0200,1.30839,1.31246,1.30271,1.30343,140810.23340000003
13.03.2022 23:00:00.000 GMT+0200,1.30363,1.30790,1.30005,1.30010,109285.90679999998
14.03.2022 23:00:00.000 GMT+0200,1.30010,1.30883,1.30000,1.30403,122112.06130000002
15.03.2022 23:00:00.000 GMT+0200,1.30406,1.31564,1.30351,1.31466,136131.4454
16.03.2022 23:00:00.000 GMT+0200,1.31470,1.32106,1.30874,1.31472,118802.60530000001
17.03.2022 23:00:00.000 GMT+0200,1.31472,1.31967,1.31105,1.31758,97616.2899
20.03.2022 23:00:00.000 GMT+0200,1.31677,1.32100,1.31265,1.31653,95793.35010000001
21.03.2022 23:00:00.000 GMT+0200,1.31638,1.32735,1.31198,1.32601,124729.7634
22.03.2022 23:00:00.000 GMT+0200,1.32595,1.32984,1.31749,1.32027,95844.90050000002
23.03.2022 23:00:00.000 GMT+0200,1.32017,1.32139,1.31567,1.31855,110241.77059999999
24.03.2022 23:00:00.000 GMT+0200,1.31856,1.32246,1.31590,1.31787,117554.11530000003
27.03.2022 23:00:00.000 GMT+0200,1.31798,1.31866,1.30665,1.30895,117575.27680000002
28.03.2022 23:00:00.000 GMT+0200,1.30894,1.31592,1.30506,1.30886,172055.6596
29.03.2022 23:00:00.000 GMT+0200,1.30886,1.31823,1.30847,1.31303,129011.24149999999
30.03.2022 23:00:00.000 GMT+0200,1.31304,1.31754,1.31060,1.31338,145664.55550000002
31.03.2022 23:00:00.000 GMT+0200,1.31329,1.31514,1.30862,1.31112,124579.4176000001
03.04.2022 23:00:00.000 GMT+0200,1.30894,1.31367,1.30893,1.31123,100612.41800000022
04.04.2022 23:00:00.000 GMT+0200,1.31124,1.31666,1.30665,1.30709,107812.21000000008
05.04.2022 23:00:00.000 GMT+0200,1.30709,1.31078,1.30452,1.30666,128152.21099999982
06.04.2022 23:00:00.000 GMT+0200,1.30679,1.31063,1.30516,1.30741,101938.2249999998
07.04.2022 23:00:00.000 GMT+0200,1.30724,1.30857,1.29816,1.30305,86692.51
10.04.2022 23:00:00.000 GMT+0200,1.30230,1.30566,1.29885,1.30290,100307.05520000003
11.04.2022 23:00:00.000 GMT+0200,1.30281,1.30535,1.29937,1.29995,120473.43
12.04.2022 23:00:00.000 GMT+0200,1.29996,1.31169,1.29728,1.31167,96038.2000000001
13.04.2022 23:00:00.000 GMT+0200,1.31155,1.31471,1.30332,1.30710,113528.34499999988
14.04.2022 23:00:00.000 GMT+0200,1.30709,1.30791,1.30435,1.30538,238376.73119999986
17.04.2022 23:00:00.000 GMT+0200,1.30439,1.30641,1.30045,1.30130,74310.4446000001
18.04.2022 23:00:00.000 GMT+0200,1.30051,1.30405,1.29804,1.29954,96145.91999999997
19.04.2022 23:00:00.000 GMT+0200,1.29955,1.30702,1.29890,1.30669,96261.74999999983
20.04.2022 23:00:00.000 GMT+0200,1.30665,1.30899,1.30221,1.30294,116750.20920000006
21.04.2022 23:00:00.000 GMT+0200,1.30281,1.30349,1.28225,1.28343,111271.62
24.04.2022 23:00:00.000 GMT+0200,1.28304,1.28401,1.26971,1.27294,5230.440679467457